"Column Name","Label"
"GEO_ID","Geography"
"NAME","Geographic Area Name"
"S2801_C01_001E","Estimate!!Total!!Total households"
"S2801_C01_001M","Margin of Error!!Total MOE!!Total households"
"S2801_C01_002E","Estimate!!Total!!TYPES OF COMPUTER!!Has one or more types of computing devices"
"S2801_C01_002M","Margin of Error!!Total MOE!!TYPES OF COMPUTER!!Has one or more types of computing devices"
"S2801_C01_003E","Estimate!!Total!!TYPES OF COMPUTER!!Has one or more types of computing devices!!Desktop or laptop"
"S2801_C01_003M","Margin of Error!!Total MOE!!TYPES OF COMPUTER!!Has one or more types of computing devices!!Desktop or laptop"
"S2801_C01_004E","Estimate!!Total!!TYPES OF COMPUTER!!Has one or more types of computing devices!!Desktop or laptop!!Desktop or laptop with no other type of computing device"
"S2801_C01_004M","Margin of Error!!Total MOE!!TYPES OF COMPUTER!!Has one or more types of computing devices!!Desktop or laptop!!Desktop or laptop with no other type of computing device"
"S2801_C01_005E","Estimate!!Total!!TYPES OF COMPUTER!!Has one or more types of computing devices!!Smartphone"
"S2801_C01_005M","Margin of Error!!Total MOE!!TYPES OF COMPUTER!!Has one or more types of computing devices!!Smartphone"
"S2801_C01_006E","Estimate!!Total!!TYPES OF COMPUTER!!Has one or more types of computing devices!!Smartphone!!Smartphone with no other type of computing device"
"S2801_C01_006M","Margin of Error!!Total MOE!!TYPES OF COMPUTER!!Has one or more types of computing devices!!Smartphone!!Smartphone with no other type of computing device"
"S2801_C01_007E","Estimate!!Total!!TYPES OF COMPUTER!!Has one or more types of computing devices!!Tablet or other portable wireless computer"
"S2801_C01_007M","Margin of Error!!Total MOE!!TYPES OF COMPUTER!!Has one or more types of computing devices!!Tablet or other portable wireless computer"
"S2801_C01_008E","Estimate!!Total!!TYPES OF COMPUTER!!Has one or more types of computing devices!!Tablet or other portable wireless computer!!Tablet or other portable wireless computer with no other type of computing device"
"S2801_C01_008M","Margin of Error!!Total MOE!!TYPES OF COMPUTER!!Has one or more types of computing devices!!Tablet or other portable wireless computer!!Tablet or other portable wireless computer with no other type of computing device"
"S2801_C01_009E","Estimate!!Total!!TYPES OF COMPUTER!!Has one or more types of computing devices!!Other computer"
"S2801_C01_009M","Margin of Error!!Total MOE!!TYPES OF COMPUTER!!Has one or more types of computing devices!!Other computer"
"S2801_C01_010E","Estimate!!Total!!TYPES OF COMPUTER!!Has one or more types of computing devices!!Other computer!!Other computer with no other type of computing device"
"S2801_C01_010M","Margin of Error!!Total MOE!!TYPES OF COMPUTER!!Has one or more types of computing devices!!Other computer!!Other computer with no other type of computing device"
"S2801_C01_011E","Estimate!!Total!!TYPES OF COMPUTER!!No computer"
"S2801_C01_011M","Margin of Error!!Total MOE!!TYPES OF COMPUTER!!No computer"
"S2801_C01_012E","Estimate!!Total!!TYPE OF INTERNET SUBSCRIPTIONS!!With an Internet subscription"
"S2801_C01_012M","Margin of Error!!Total MOE!!TYPE OF INTERNET SUBSCRIPTIONS!!With an Internet subscription"
"S2801_C01_013E","Estimate!!Total!!TYPE OF INTERNET SUBSCRIPTIONS!!With an Internet subscription!!Dial-up with no other type of Internet subscription"
"S2801_C01_013M","Margin of Error!!Total MOE!!TYPE OF INTERNET SUBSCRIPTIONS!!With an Internet subscription!!Dial-up with no other type of Internet subscription"
"S2801_C01_014E","Estimate!!Total!!TYPE OF INTERNET SUBSCRIPTIONS!!With an Internet subscription!!Broadband of any type"
"S2801_C01_014M","Margin of Error!!Total MOE!!TYPE OF INTERNET SUBSCRIPTIONS!!With an Internet subscription!!Broadband of any type"
"S2801_C01_015E","Estimate!!Total!!TYPE OF INTERNET SUBSCRIPTIONS!!With an Internet subscription!!Broadband of any type!!Cellular data plan"
"S2801_C01_015M","Margin of Error!!Total MOE!!TYPE OF INTERNET SUBSCRIPTIONS!!With an Internet subscription!!Broadband of any type!!Cellular data plan"
"S2801_C01_016E","Estimate!!Total!!TYPE OF INTERNET SUBSCRIPTIONS!!With an Internet subscription!!Broadband of any type!!Cellular data plan!!Cellular data plan with no other type of Internet subscription"
"S2801_C01_016M","Margin of Error!!Total MOE!!TYPE OF INTERNET SUBSCRIPTIONS!!With an Internet subscription!!Broadband of any type!!Cellular data plan!!Cellular data plan with no other type of Internet subscription"
"S2801_C01_017E","Estimate!!Total!!TYPE OF INTERNET SUBSCRIPTIONS!!With an Internet subscription!!Broadband of any type!!Broadband such as cable, fiber optic or DSL"
"S2801_C01_017M","Margin of Error!!Total MOE!!TYPE OF INTERNET SUBSCRIPTIONS!!With an Internet subscription!!Broadband of any type!!Broadband such as cable, fiber optic or DSL"
"S2801_C01_018E","Estimate!!Total!!TYPE OF INTERNET SUBSCRIPTIONS!!With an Internet subscription!!Broadband of any type!!Satellite Internet service"
"S2801_C01_018M","Margin of Error!!Total MOE!!TYPE OF INTERNET SUBSCRIPTIONS!!With an Internet subscription!!Broadband of any type!!Satellite Internet service"
"S2801_C01_019E","Estimate!!Total!!TYPE OF INTERNET SUBSCRIPTIONS!!Without an Internet subscription"
"S2801_C01_019M","Margin of Error!!Total MOE!!TYPE OF INTERNET SUBSCRIPTIONS!!Without an Internet subscription"
"S2801_C01_020E","Estimate!!Total!!TYPE OF INTERNET SUBSCRIPTIONS!!Less than $20,000"
"S2801_C01_020M","Margin of Error!!Total MOE!!TYPE OF INTERNET SUBSCRIPTIONS!!Less than $20,000"
"S2801_C01_021E","Estimate!!Total!!TYPE OF INTERNET SUBSCRIPTIONS!!Less than $20,000!!With dial-up Internet subscription alone"
"S2801_C01_021M","Margin of Error!!Total MOE!!TYPE OF INTERNET SUBSCRIPTIONS!!Less than $20,000!!With dial-up Internet subscription alone"
"S2801_C01_022E","Estimate!!Total!!TYPE OF INTERNET SUBSCRIPTIONS!!Less than $20,000!!With a broadband Internet subscription"
"S2801_C01_022M","Margin of Error!!Total MOE!!TYPE OF INTERNET SUBSCRIPTIONS!!Less than $20,000!!With a broadband Internet subscription"
"S2801_C01_023E","Estimate!!Total!!TYPE OF INTERNET SUBSCRIPTIONS!!Less than $20,000!!Without an Internet subscription"
"S2801_C01_023M","Margin of Error!!Total MOE!!TYPE OF INTERNET SUBSCRIPTIONS!!Less than $20,000!!Without an Internet subscription"
"S2801_C01_024E","Estimate!!Total!!TYPE OF INTERNET SUBSCRIPTIONS!!$20,000 to $74,999"
"S2801_C01_024M","Margin of Error!!Total MOE!!TYPE OF INTERNET SUBSCRIPTIONS!!$20,000 to $74,999"
"S2801_C01_025E","Estimate!!Total!!TYPE OF INTERNET SUBSCRIPTIONS!!$20,000 to $74,999!!With dial-up Internet subscription alone"
"S2801_C01_025M","Margin of Error!!Total MOE!!TYPE OF INTERNET SUBSCRIPTIONS!!$20,000 to $74,999!!With dial-up Internet subscription alone"
"S2801_C01_026E","Estimate!!Total!!TYPE OF INTERNET SUBSCRIPTIONS!!$20,000 to $74,999!!With a broadband Internet subscription"
"S2801_C01_026M","Margin of Error!!Total MOE!!TYPE OF INTERNET SUBSCRIPTIONS!!$20,000 to $74,999!!With a broadband Internet subscription"
"S2801_C01_027E","Estimate!!Total!!TYPE OF INTERNET SUBSCRIPTIONS!!$20,000 to $74,999!!Without an Internet subscription"
"S2801_C01_027M","Margin of Error!!Total MOE!!TYPE OF INTERNET SUBSCRIPTIONS!!$20,000 to $74,999!!Without an Internet subscription"
"S2801_C01_028E","Estimate!!Total!!TYPE OF INTERNET SUBSCRIPTIONS!!$75,000 or more"
"S2801_C01_028M","Margin of Error!!Total MOE!!TYPE OF INTERNET SUBSCRIPTIONS!!$75,000 or more"
"S2801_C01_029E","Estimate!!Total!!TYPE OF INTERNET SUBSCRIPTIONS!!$75,000 or more!!With dial-up Internet subscription alone"
"S2801_C01_029M","Margin of Error!!Total MOE!!TYPE OF INTERNET SUBSCRIPTIONS!!$75,000 or more!!With dial-up Internet subscription alone"
"S2801_C01_030E","Estimate!!Total!!TYPE OF INTERNET SUBSCRIPTIONS!!$75,000 or more!!With a broadband Internet subscription"
"S2801_C01_030M","Margin of Error!!Total MOE!!TYPE OF INTERNET SUBSCRIPTIONS!!$75,000 or more!!With a broadband Internet subscription"
"S2801_C01_031E","Estimate!!Total!!TYPE OF INTERNET SUBSCRIPTIONS!!$75,000 or more!!Without an Internet subscription"
"S2801_C01_031M","Margin of Error!!Total MOE!!TYPE OF INTERNET SUBSCRIPTIONS!!$75,000 or more!!Without an Internet subscription"
"S2801_C02_001E","Estimate!!Percent!!Total households"
"S2801_C02_001M","Margin of Error!!Percent MOE!!Total households"
"S2801_C02_002E","Estimate!!Percent!!TYPES OF COMPUTER!!Has one or more types of computing devices"
"S2801_C02_002M","Margin of Error!!Percent MOE!!TYPES OF COMPUTER!!Has one or more types of computing devices"
"S2801_C02_003E","Estimate!!Percent!!TYPES OF COMPUTER!!Has one or more types of computing devices!!Desktop or laptop"
"S2801_C02_003M","Margin of Error!!Percent MOE!!TYPES OF COMPUTER!!Has one or more types of computing devices!!Desktop or laptop"
"S2801_C02_004E","Estimate!!Percent!!TYPES OF COMPUTER!!Has one or more types of computing devices!!Desktop or laptop!!Desktop or laptop with no other type of computing device"
"S2801_C02_004M","Margin of Error!!Percent MOE!!TYPES OF COMPUTER!!Has one or more types of computing devices!!Desktop or laptop!!Desktop or laptop with no other type of computing device"
"S2801_C02_005E","Estimate!!Percent!!TYPES OF COMPUTER!!Has one or more types of computing devices!!Smartphone"
"S2801_C02_005M","Margin of Error!!Percent MOE!!TYPES OF COMPUTER!!Has one or more types of computing devices!!Smartphone"
"S2801_C02_006E","Estimate!!Percent!!TYPES OF COMPUTER!!Has one or more types of computing devices!!Smartphone!!Smartphone with no other type of computing device"
"S2801_C02_006M","Margin of Error!!Percent MOE!!TYPES OF COMPUTER!!Has one or more types of computing devices!!Smartphone!!Smartphone with no other type of computing device"
"S2801_C02_007E","Estimate!!Percent!!TYPES OF COMPUTER!!Has one or more types of computing devices!!Tablet or other portable wireless computer"
"S2801_C02_007M","Margin of Error!!Percent MOE!!TYPES OF COMPUTER!!Has one or more types of computing devices!!Tablet or other portable wireless computer"
"S2801_C02_008E","Estimate!!Percent!!TYPES OF COMPUTER!!Has one or more types of computing devices!!Tablet or other portable wireless computer!!Tablet or other portable wireless computer with no other type of computing device"
"S2801_C02_008M","Margin of Error!!Percent MOE!!TYPES OF COMPUTER!!Has one or more types of computing devices!!Tablet or other portable wireless computer!!Tablet or other portable wireless computer with no other type of computing device"
"S2801_C02_009E","Estimate!!Percent!!TYPES OF COMPUTER!!Has one or more types of computing devices!!Other computer"
"S2801_C02_009M","Margin of Error!!Percent MOE!!TYPES OF COMPUTER!!Has one or more types of computing devices!!Other computer"
"S2801_C02_010E","Estimate!!Percent!!TYPES OF COMPUTER!!Has one or more types of computing devices!!Other computer!!Other computer with no other type of computing device"
"S2801_C02_010M","Margin of Error!!Percent MOE!!TYPES OF COMPUTER!!Has one or more types of computing devices!!Other computer!!Other computer with no other type of computing device"
"S2801_C02_011E","Estimate!!Percent!!TYPES OF COMPUTER!!No computer"
"S2801_C02_011M","Margin of Error!!Percent MOE!!TYPES OF COMPUTER!!No computer"
"S2801_C02_012E","Estimate!!Percent!!TYPE OF INTERNET SUBSCRIPTIONS!!With an Internet subscription"
"S2801_C02_012M","Margin of Error!!Percent MOE!!TYPE OF INTERNET SUBSCRIPTIONS!!With an Internet subscription"
"S2801_C02_013E","Estimate!!Percent!!TYPE OF INTERNET SUBSCRIPTIONS!!With an Internet subscription!!Dial-up with no other type of Internet subscription"
"S2801_C02_013M","Margin of Error!!Percent MOE!!TYPE OF INTERNET SUBSCRIPTIONS!!With an Internet subscription!!Dial-up with no other type of Internet subscription"
"S2801_C02_014E","Estimate!!Percent!!TYPE OF INTERNET SUBSCRIPTIONS!!With an Internet subscription!!Broadband of any type"
"S2801_C02_014M","Margin of Error!!Percent MOE!!TYPE OF INTERNET SUBSCRIPTIONS!!With an Internet subscription!!Broadband of any type"
"S2801_C02_015E","Estimate!!Percent!!TYPE OF INTERNET SUBSCRIPTIONS!!With an Internet subscription!!Broadband of any type!!Cellular data plan"
"S2801_C02_015M","Margin of Error!!Percent MOE!!TYPE OF INTERNET SUBSCRIPTIONS!!With an Internet subscription!!Broadband of any type!!Cellular data plan"
"S2801_C02_016E","Estimate!!Percent!!TYPE OF INTERNET SUBSCRIPTIONS!!With an Internet subscription!!Broadband of any type!!Cellular data plan!!Cellular data plan with no other type of Internet subscription"
"S2801_C02_016M","Margin of Error!!Percent MOE!!TYPE OF INTERNET SUBSCRIPTIONS!!With an Internet subscription!!Broadband of any type!!Cellular data plan!!Cellular data plan with no other type of Internet subscription"
"S2801_C02_017E","Estimate!!Percent!!TYPE OF INTERNET SUBSCRIPTIONS!!With an Internet subscription!!Broadband of any type!!Broadband such as cable, fiber optic or DSL"
"S2801_C02_017M","Margin of Error!!Percent MOE!!TYPE OF INTERNET SUBSCRIPTIONS!!With an Internet subscription!!Broadband of any type!!Broadband such as cable, fiber optic or DSL"
"S2801_C02_018E","Estimate!!Percent!!TYPE OF INTERNET SUBSCRIPTIONS!!With an Internet subscription!!Broadband of any type!!Satellite Internet service"
"S2801_C02_018M","Margin of Error!!Percent MOE!!TYPE OF INTERNET SUBSCRIPTIONS!!With an Internet subscription!!Broadband of any type!!Satellite Internet service"
"S2801_C02_019E","Estimate!!Percent!!TYPE OF INTERNET SUBSCRIPTIONS!!Without an Internet subscription"
"S2801_C02_019M","Margin of Error!!Percent MOE!!TYPE OF INTERNET SUBSCRIPTIONS!!Without an Internet subscription"
"S2801_C02_020E","Estimate!!Percent!!TYPE OF INTERNET SUBSCRIPTIONS!!Less than $20,000"
"S2801_C02_020M","Margin of Error!!Percent MOE!!TYPE OF INTERNET SUBSCRIPTIONS!!Less than $20,000"
"S2801_C02_021E","Estimate!!Percent!!TYPE OF INTERNET SUBSCRIPTIONS!!Less than $20,000!!With dial-up Internet subscription alone"
"S2801_C02_021M","Margin of Error!!Percent MOE!!TYPE OF INTERNET SUBSCRIPTIONS!!Less than $20,000!!With dial-up Internet subscription alone"
"S2801_C02_022E","Estimate!!Percent!!TYPE OF INTERNET SUBSCRIPTIONS!!Less than $20,000!!With a broadband Internet subscription"
"S2801_C02_022M","Margin of Error!!Percent MOE!!TYPE OF INTERNET SUBSCRIPTIONS!!Less than $20,000!!With a broadband Internet subscription"
"S2801_C02_023E","Estimate!!Percent!!TYPE OF INTERNET SUBSCRIPTIONS!!Less than $20,000!!Without an Internet subscription"
"S2801_C02_023M","Margin of Error!!Percent MOE!!TYPE OF INTERNET SUBSCRIPTIONS!!Less than $20,000!!Without an Internet subscription"
"S2801_C02_024E","Estimate!!Percent!!TYPE OF INTERNET SUBSCRIPTIONS!!$20,000 to $74,999"
"S2801_C02_024M","Margin of Error!!Percent MOE!!TYPE OF INTERNET SUBSCRIPTIONS!!$20,000 to $74,999"
"S2801_C02_025E","Estimate!!Percent!!TYPE OF INTERNET SUBSCRIPTIONS!!$20,000 to $74,999!!With dial-up Internet subscription alone"
"S2801_C02_025M","Margin of Error!!Percent MOE!!TYPE OF INTERNET SUBSCRIPTIONS!!$20,000 to $74,999!!With dial-up Internet subscription alone"
"S2801_C02_026E","Estimate!!Percent!!TYPE OF INTERNET SUBSCRIPTIONS!!$20,000 to $74,999!!With a broadband Internet subscription"
"S2801_C02_026M","Margin of Error!!Percent MOE!!TYPE OF INTERNET SUBSCRIPTIONS!!$20,000 to $74,999!!With a broadband Internet subscription"
"S2801_C02_027E","Estimate!!Percent!!TYPE OF INTERNET SUBSCRIPTIONS!!$20,000 to $74,999!!Without an Internet subscription"
"S2801_C02_027M","Margin of Error!!Percent MOE!!TYPE OF INTERNET SUBSCRIPTIONS!!$20,000 to $74,999!!Without an Internet subscription"
"S2801_C02_028E","Estimate!!Percent!!TYPE OF INTERNET SUBSCRIPTIONS!!$75,000 or more"
"S2801_C02_028M","Margin of Error!!Percent MOE!!TYPE OF INTERNET SUBSCRIPTIONS!!$75,000 or more"
"S2801_C02_029E","Estimate!!Percent!!TYPE OF INTERNET SUBSCRIPTIONS!!$75,000 or more!!With dial-up Internet subscription alone"
"S2801_C02_029M","Margin of Error!!Percent MOE!!TYPE OF INTERNET SUBSCRIPTIONS!!$75,000 or more!!With dial-up Internet subscription alone"
"S2801_C02_030E","Estimate!!Percent!!TYPE OF INTERNET SUBSCRIPTIONS!!$75,000 or more!!With a broadband Internet subscription"
"S2801_C02_030M","Margin of Error!!Percent MOE!!TYPE OF INTERNET SUBSCRIPTIONS!!$75,000 or more!!With a broadband Internet subscription"
"S2801_C02_031E","Estimate!!Percent!!TYPE OF INTERNET SUBSCRIPTIONS!!$75,000 or more!!Without an Internet subscription"
"S2801_C02_031M","Margin of Error!!Percent MOE!!TYPE OF INTERNET SUBSCRIPTIONS!!$75,000 or more!!Without an Internet subscription"
